svc,region,podname,avg_latency,outbound_rps,time,time_millis,old-us-east-1,old-us-west-1,new-us-east-1,new-us-west-1
sslateingress-us-west-1,us-west-1,sgpvx,875,0,2024-09-07 23:53:29.920106,1725753209920,0.39338235294117646,0.6066176470588235,0.410000,0.580000
sslateingress-us-west-1,us-west-1,sgpvx,305,0,2024-09-07 23:53:44.918193,1725753224918,0.410000,0.580000,0.430000,0.550000
sslateingress-us-west-1,us-west-1,sgpvx,269,0,2024-09-07 23:53:59.922442,1725753239922,0.430000,0.550000,0.450000,0.530000
sslateingress-us-west-1,us-west-1,sgpvx,280,0,2024-09-07 23:54:14.925676,1725753254925,0.450000,0.530000,0.430000,0.550000
sslateingress-us-west-1,us-west-1,sgpvx,287,0,2024-09-07 23:54:29.923899,1725753269923,0.430000,0.550000,0.410000,0.570000
sslateingress-us-west-1,us-west-1,sgpvx,407,0,2024-09-07 23:54:44.924609,1725753284924,0.39245283018867927,0.6075471698113207,0.370000,0.620000
sslateingress-us-west-1,us-west-1,sgpvx,283,0,2024-09-07 23:54:59.928125,1725753299928,0.370000,0.620000,0.390000,0.600000
sslateingress-us-west-1,us-west-1,sgpvx,262,0,2024-09-07 23:55:14.926434,1725753314926,0.390000,0.600000,0.410000,0.580000
sslateingress-us-west-1,us-west-1,sgpvx,268,0,2024-09-07 23:55:29.930904,1725753329930,0.410000,0.580000,0.390000,0.590000
sslateingress-us-west-1,us-west-1,sgpvx,272,0,2024-09-07 23:55:44.934565,1725753344934,0.390000,0.590000,0.370000,0.610000
sslateingress-us-west-1,us-west-1,sgpvx,295,0,2024-09-07 23:55:59.932423,1725753359932,0.370000,0.610000,0.350000,0.630000
sslateingress-us-west-1,us-west-1,sgpvx,271,0,2024-09-07 23:56:14.937623,1725753374937,0.3316831683168317,0.6683168316831684,0.350000,0.640000
sslateingress-us-west-1,us-west-1,sgpvx,380,0,2024-09-07 23:56:29.932403,1725753389932,0.350000,0.640000,0.330000,0.660000
sslateingress-us-west-1,us-west-1,sgpvx,303,0,2024-09-07 23:56:44.934566,1725753404934,0.330000,0.660000,0.350000,0.640000
sslateingress-us-west-1,us-west-1,sgpvx,351,0,2024-09-07 23:56:59.936298,1725753419936,0.350000,0.640000,0.330000,0.660000
sslateingress-us-west-1,us-west-1,sgpvx,335,0,2024-09-07 23:57:14.932982,1725753434933,0.330000,0.660000,0.350000,0.640000
sslateingress-us-west-1,us-west-1,sgpvx,295,0,2024-09-07 23:57:29.935119,1725753449935,0.350000,0.640000,0.370000,0.620000
sslateingress-us-west-1,us-west-1,sgpvx,348,0,2024-09-07 23:57:44.932704,1725753464932,0.370000,0.620000,0.350000,0.640000
sslateingress-us-west-1,us-west-1,sgpvx,292,0,2024-09-07 23:57:59.934267,1725753479934,0.350000,0.640000,0.370000,0.620000
sslateingress-us-west-1,us-west-1,sgpvx,311,0,2024-09-07 23:58:14.932636,1725753494932,0.370000,0.620000,0.350000,0.640000
sslateingress-us-west-1,us-west-1,sgpvx,422,0,2024-09-07 23:58:29.938367,1725753509938,0.350000,0.640000,0.330000,0.660000
sslateingress-us-west-1,us-west-1,sgpvx,321,0,2024-09-07 23:58:44.938093,1725753524938,0.330000,0.660000,0.350000,0.640000
sslateingress-us-west-1,us-west-1,sgpvx,368,0,2024-09-07 23:58:59.940365,1725753539940,0.350000,0.640000,0.330000,0.660000
sslateingress-us-west-1,us-west-1,sgpvx,362,0,2024-09-07 23:59:14.943389,1725753554943,0.330000,0.660000,0.350000,0.640000
sslateingress-us-west-1,us-west-1,sgpvx,425,0,2024-09-07 23:59:29.941893,1725753569941,0.350000,0.640000,0.330000,0.660000
sslateingress-us-west-1,us-west-1,sgpvx,316,0,2024-09-07 23:59:44.946547,1725753584946,0.330000,0.660000,0.350000,0.640000
sslateingress-us-west-1,us-west-1,sgpvx,280,0,2024-09-07 23:59:59.947460,1725753599947,0.350000,0.640000,0.370000,0.620000
sslateingress-us-west-1,us-west-1,sgpvx,274,0,2024-09-08 00:00:14.947657,1725753614947,0.370000,0.620000,0.390000,0.600000
sslateingress-us-west-1,us-west-1,sgpvx,307,0,2024-09-08 00:00:29.948795,1725753629948,0.390000,0.600000,0.370000,0.620000
sslateingress-us-west-1,us-west-1,sgpvx,316,0,2024-09-08 00:00:44.950914,1725753644950,0.370000,0.620000,0.350000,0.640000
sslateingress-us-west-1,us-west-1,sgpvx,421,0,2024-09-08 00:00:59.950067,1725753659950,0.350000,0.640000,0.330000,0.660000
sslateingress-us-west-1,us-west-1,sgpvx,296,0,2024-09-08 00:01:14.953605,1725753674953,0.330000,0.660000,0.350000,0.640000
sslateingress-us-west-1,us-west-1,sgpvx,270,0,2024-09-08 00:01:29.954635,1725753689954,0.350000,0.640000,0.370000,0.620000
sslateingress-us-west-1,us-west-1,sgpvx,261,0,2024-09-08 00:01:44.953377,1725753704953,0.370000,0.620000,0.390000,0.600000
sslateingress-us-west-1,us-west-1,sgpvx,315,0,2024-09-08 00:01:59.956850,1725753719956,0.390000,0.600000,0.370000,0.620000
sslateingress-us-west-1,us-west-1,sgpvx,310,0,2024-09-08 00:02:14.960167,1725753734960,0.370000,0.620000,0.390000,0.600000
sslateingress-us-west-1,us-west-1,sgpvx,331,0,2024-09-08 00:02:29.960340,1725753749960,0.390000,0.600000,0.370000,0.620000
sslateingress-us-west-1,us-west-1,sgpvx,289,0,2024-09-08 00:02:44.961876,1725753764961,0.370000,0.620000,0.390000,0.600000
sslateingress-us-west-1,us-west-1,sgpvx,371,0,2024-09-08 00:02:59.962571,1725753779962,0.390000,0.600000,0.370000,0.620000
sslateingress-us-west-1,us-west-1,sgpvx,333,0,2024-09-08 00:03:14.972538,1725753794972,0.370000,0.620000,0.390000,0.600000
sslateingress-us-west-1,us-west-1,sgpvx,450,0,2024-09-08 00:03:29.961501,1725753809961,0.34523809523809523,0.6547619047619048,0.320000,0.670000
sslateingress-us-west-1,us-west-1,sgpvx,325,0,2024-09-08 00:03:44.964540,1725753824964,0.320000,0.670000,0.340000,0.650000
sslateingress-us-west-1,us-west-1,sgpvx,389,0,2024-09-08 00:03:59.966198,1725753839966,0.340000,0.650000,0.320000,0.670000
sslateingress-us-west-1,us-west-1,sgpvx,376,0,2024-09-08 00:04:14.967902,1725753854967,0.320000,0.670000,0.340000,0.650000
sslateingress-us-west-1,us-west-1,sgpvx,329,0,2024-09-08 00:04:29.965588,1725753869965,0.340000,0.650000,0.360000,0.630000
sslateingress-us-west-1,us-west-1,sgpvx,339,0,2024-09-08 00:04:44.973432,1725753884973,0.360000,0.630000,0.340000,0.650000
sslateingress-us-west-1,us-west-1,sgpvx,432,0,2024-09-08 00:04:59.969654,1725753899969,0.40273037542662116,0.5972696245733788,0.380000,0.610000
sslateingress-us-west-1,us-west-1,sgpvx,406,0,2024-09-08 00:05:14.974284,1725753914974,0.380000,0.610000,0.400000,0.590000
sslateingress-us-west-1,us-west-1,sgpvx,344,0,2024-09-08 00:05:29.982822,1725753929982,0.400000,0.590000,0.420000,0.570000
sslateingress-us-west-1,us-west-1,sgpvx,327,0,2024-09-08 00:05:44.974798,1725753944974,0.420000,0.570000,0.440000,0.540000
sslateingress-us-west-1,us-west-1,sgpvx,317,0,2024-09-08 00:05:59.972661,1725753959972,0.440000,0.540000,0.460000,0.520000
sslateingress-us-west-1,us-west-1,sgpvx,298,0,2024-09-08 00:06:14.974158,1725753974974,0.460000,0.520000,0.480000,0.500000
sslateingress-us-west-1,us-west-1,sgpvx,372,0,2024-09-08 00:06:29.973856,1725753989973,0.34210526315789475,0.6578947368421053,0.320000,0.670000
sslateingress-us-west-1,us-west-1,sgpvx,263,0,2024-09-08 00:06:44.975019,1725754004975,0.320000,0.670000,0.340000,0.650000
sslateingress-us-west-1,us-west-1,sgpvx,287,0,2024-09-08 00:06:59.978349,1725754019978,0.340000,0.650000,0.320000,0.670000
sslateingress-us-west-1,us-west-1,sgpvx,256,0,2024-09-08 00:07:14.978117,1725754034978,0.320000,0.670000,0.340000,0.650000
sslateingress-us-west-1,us-west-1,sgpvx,329,0,2024-09-08 00:07:29.983817,1725754049983,0.340000,0.650000,0.320000,0.670000
sslateingress-us-west-1,us-west-1,sgpvx,315,0,2024-09-08 00:07:44.994664,1725754064994,0.320000,0.670000,0.340000,0.650000
sslateingress-us-west-1,us-west-1,sgpvx,279,0,2024-09-08 00:07:59.990051,1725754079990,0.340000,0.650000,0.360000,0.630000
sslateingress-us-west-1,us-west-1,sgpvx,257,0,2024-09-08 00:08:14.991850,1725754094991,0.360000,0.630000,0.380000,0.610000
sslateingress-us-west-1,us-west-1,sgpvx,346,0,2024-09-08 00:08:29.989504,1725754109989,0.380000,0.610000,0.360000,0.630000
sslateingress-us-west-1,us-west-1,sgpvx,306,0,2024-09-08 00:08:44.991624,1725754124991,0.360000,0.630000,0.380000,0.610000
sslateingress-us-west-1,us-west-1,sgpvx,256,0,2024-09-08 00:08:59.991535,1725754139991,0.380000,0.610000,0.400000,0.590000
sslateingress-us-west-1,us-west-1,sgpvx,281,0,2024-09-08 00:09:14.988862,1725754154988,0.400000,0.590000,0.380000,0.610000
sslateingress-us-west-1,us-west-1,sgpvx,294,0,2024-09-08 00:09:29.988761,1725754169988,0.380000,0.610000,0.360000,0.630000
sslateingress-us-west-1,us-west-1,sgpvx,257,0,2024-09-08 00:09:44.992747,1725754184992,0.360000,0.630000,0.380000,0.610000
sslateingress-us-west-1,us-west-1,sgpvx,249,0,2024-09-08 00:09:59.993189,1725754199993,0.380000,0.610000,0.400000,0.590000
sslateingress-us-west-1,us-west-1,sgpvx,330,0,2024-09-08 00:10:14.992881,1725754214992,0.400000,0.590000,0.380000,0.610000
sslateingress-us-west-1,us-west-1,sgpvx,320,0,2024-09-08 00:10:29.998077,1725754229998,0.380000,0.610000,0.400000,0.590000
sslateingress-us-west-1,us-west-1,sgpvx,263,0,2024-09-08 00:10:44.996897,1725754244996,0.400000,0.590000,0.420000,0.570000
sslateingress-us-west-1,us-west-1,sgpvx,258,0,2024-09-08 00:10:59.996809,1725754259996,0.420000,0.570000,0.440000,0.540000
sslateingress-us-west-1,us-west-1,sgpvx,258,0,2024-09-08 00:11:14.999449,1725754274999,0.440000,0.540000,0.420000,0.560000
sslateingress-us-west-1,us-west-1,sgpvx,371,0,2024-09-08 00:11:29.998021,1725754289998,0.420000,0.560000,0.400000,0.580000
sslateingress-us-west-1,us-west-1,sgpvx,271,0,2024-09-08 00:11:45.005291,1725754305005,0.400000,0.580000,0.420000,0.550000
sslateingress-us-west-1,us-west-1,sgpvx,266,0,2024-09-08 00:12:00.003474,1725754320003,0.420000,0.550000,0.440000,0.530000
sslateingress-us-west-1,us-west-1,sgpvx,259,0,2024-09-08 00:12:15.002671,1725754335002,0.440000,0.530000,0.460000,0.510000
sslateingress-us-west-1,us-west-1,sgpvx,280,0,2024-09-08 00:12:30.000921,1725754350000,0.460000,0.510000,0.440000,0.530000
sslateingress-us-west-1,us-west-1,sgpvx,287,0,2024-09-08 00:12:45.007694,1725754365007,0.440000,0.530000,0.420000,0.550000
sslateingress-us-west-1,us-west-1,sgpvx,323,0,2024-09-08 00:13:00.010717,1725754380010,0.420000,0.550000,0.400000,0.570000
sslateingress-us-west-1,us-west-1,sgpvx,275,0,2024-09-08 00:13:15.009973,1725754395009,0.400000,0.570000,0.420000,0.540000
sslateingress-us-west-1,us-west-1,sgpvx,377,0,2024-09-08 00:13:30.012886,1725754410012,0.420000,0.540000,0.400000,0.560000
sslateingress-us-west-1,us-west-1,sgpvx,369,0,2024-09-08 00:13:45.020565,1725754425020,0.400000,0.560000,0.420000,0.540000
sslateingress-us-west-1,us-west-1,sgpvx,330,0,2024-09-08 00:14:00.020046,1725754440020,0.420000,0.540000,0.440000,0.520000
sslateingress-us-west-1,us-west-1,sgpvx,379,0,2024-09-08 00:14:15.021083,1725754455021,0.440000,0.520000,0.420000,0.540000
sslateingress-us-west-1,us-west-1,sgpvx,321,0,2024-09-08 00:14:30.030004,1725754470030,0.420000,0.540000,0.440000,0.520000
sslateingress-us-west-1,us-west-1,sgpvx,318,0,2024-09-08 00:14:45.024923,1725754485024,0.440000,0.520000,0.460000,0.500000
sslateingress-us-west-1,us-west-1,sgpvx,317,0,2024-09-08 00:15:00.028407,1725754500028,0.460000,0.500000,0.480000,0.480000
sslateingress-us-west-1,us-west-1,sgpvx,279,0,2024-09-08 00:15:15.037624,1725754515037,0.480000,0.480000,0.500000,0.460000
sslateingress-us-west-1,us-west-1,sgpvx,282,0,2024-09-08 00:15:30.037962,1725754530037,0.500000,0.460000,0.480000,0.480000
sslateingress-us-west-1,us-west-1,sgpvx,300,0,2024-09-08 00:15:45.042161,1725754545042,0.480000,0.480000,0.460000,0.500000
sslateingress-us-west-1,us-west-1,sgpvx,329,0,2024-09-08 00:16:00.043410,1725754560043,0.460000,0.500000,0.440000,0.520000
sslateingress-us-west-1,us-west-1,sgpvx,311,0,2024-09-08 00:16:15.045958,1725754575045,0.440000,0.520000,0.460000,0.500000
sslateingress-us-west-1,us-west-1,sgpvx,347,0,2024-09-08 00:16:30.044075,1725754590044,0.460000,0.500000,0.440000,0.520000
sslateingress-us-west-1,us-west-1,sgpvx,287,0,2024-09-08 00:16:45.042743,1725754605042,0.440000,0.520000,0.460000,0.500000
sslateingress-us-west-1,us-west-1,sgpvx,287,0,2024-09-08 00:17:00.043142,1725754620043,0.460000,0.500000,0.440000,0.520000
sslateingress-us-west-1,us-west-1,sgpvx,314,0,2024-09-08 00:17:15.042961,1725754635042,0.440000,0.520000,0.420000,0.540000
sslateingress-us-west-1,us-west-1,sgpvx,319,0,2024-09-08 00:17:30.043284,1725754650043,0.420000,0.540000,0.400000,0.560000
sslateingress-us-west-1,us-west-1,sgpvx,328,0,2024-09-08 00:17:45.043025,1725754665043,0.400000,0.560000,0.380000,0.580000
sslateingress-us-west-1,us-west-1,sgpvx,304,0,2024-09-08 00:18:00.043507,1725754680043,0.380000,0.580000,0.400000,0.550000
sslateingress-us-west-1,us-west-1,sgpvx,315,0,2024-09-08 00:18:15.043546,1725754695043,0.400000,0.550000,0.380000,0.570000
sslateingress-us-west-1,us-west-1,sgpvx,285,0,2024-09-08 00:18:30.041009,1725754710041,0.380000,0.570000,0.400000,0.540000
sslateingress-us-west-1,us-west-1,sgpvx,282,0,2024-09-08 00:18:45.047483,1725754725047,0.400000,0.540000,0.420000,0.520000
sslateingress-us-west-1,us-west-1,sgpvx,310,0,2024-09-08 00:19:00.046894,1725754740046,0.420000,0.520000,0.400000,0.540000
sslateingress-us-west-1,us-west-1,sgpvx,293,0,2024-09-08 00:19:15.044128,1725754755044,0.400000,0.540000,0.420000,0.520000
sslateingress-us-west-1,us-west-1,sgpvx,312,0,2024-09-08 00:19:30.044746,1725754770044,0.420000,0.520000,0.400000,0.540000
sslateingress-us-west-1,us-west-1,sgpvx,281,0,2024-09-08 00:19:45.044189,1725754785044,0.400000,0.540000,0.420000,0.520000
sslateingress-us-west-1,us-west-1,sgpvx,325,0,2024-09-08 00:20:00.044827,1725754800044,0.420000,0.520000,0.400000,0.540000
sslateingress-us-west-1,us-west-1,sgpvx,301,0,2024-09-08 00:20:15.050153,1725754815050,0.400000,0.540000,0.420000,0.520000
sslateingress-us-west-1,us-west-1,sgpvx,270,0,2024-09-08 00:20:30.049230,1725754830049,0.420000,0.520000,0.440000,0.500000
sslateingress-us-west-1,us-west-1,sgpvx,327,0,2024-09-08 00:20:45.054085,1725754845054,0.440000,0.500000,0.420000,0.520000
sslateingress-us-west-1,us-west-1,sgpvx,313,0,2024-09-08 00:21:00.053224,1725754860053,0.420000,0.520000,0.440000,0.500000
sslateingress-us-west-1,us-west-1,sgpvx,322,0,2024-09-08 00:21:15.054635,1725754875054,0.440000,0.500000,0.420000,0.520000
sslateingress-us-west-1,us-west-1,sgpvx,364,0,2024-09-08 00:21:30.059049,1725754890059,0.420000,0.520000,0.400000,0.540000
sslateingress-us-west-1,us-west-1,sgpvx,343,0,2024-09-08 00:21:45.058315,1725754905058,0.400000,0.540000,0.420000,0.520000
sslateingress-us-west-1,us-west-1,sgpvx,295,0,2024-09-08 00:22:00.057919,1725754920057,0.420000,0.520000,0.440000,0.500000
sslateingress-us-west-1,us-west-1,sgpvx,369,0,2024-09-08 00:22:15.058340,1725754935058,0.440000,0.500000,0.420000,0.520000
sslateingress-us-west-1,us-west-1,sgpvx,342,0,2024-09-08 00:22:30.058261,1725754950058,0.29936305732484075,0.7006369426751592,0.310000,0.680000
sslateingress-us-west-1,us-west-1,sgpvx,357,0,2024-09-08 00:22:45.065395,1725754965065,0.40789473684210525,0.5921052631578947,0.380000,0.610000
sslateingress-us-west-1,us-west-1,sgpvx,434,0,2024-09-08 00:23:00.066561,1725754980066,0.3935018050541516,0.6064981949458483,0.370000,0.620000
sslateingress-us-west-1,us-west-1,sgpvx,329,0,2024-09-08 00:23:15.065901,1725754995065,0.38645418326693226,0.6135458167330677,0.400000,0.590000
sslateingress-us-west-1,us-west-1,sgpvx,296,0,2024-09-08 00:23:30.067322,1725755010067,0.4,0.6,0.420000,0.580000
sslateingress-us-west-1,us-west-1,sgpvx,382,0,2024-09-08 00:23:45.066453,1725755025066,0.3917910447761194,0.6082089552238806,0.370000,0.620000
sslateingress-us-west-1,us-west-1,sgpvx,260,0,2024-09-08 00:24:00.069441,1725755040069,0.370000,0.620000,0.390000,0.600000
sslateingress-us-west-1,us-west-1,sgpvx,258,0,2024-09-08 00:24:15.071306,1725755055071,0.390000,0.600000,0.410000,0.580000
sslateingress-us-west-1,us-west-1,sgpvx,263,0,2024-09-08 00:24:30.074937,1725755070074,0.410000,0.580000,0.390000,0.590000
sslateingress-us-west-1,us-west-1,sgpvx,257,0,2024-09-08 00:24:45.074537,1725755085074,0.390000,0.590000,0.410000,0.570000
sslateingress-us-west-1,us-west-1,sgpvx,321,0,2024-09-08 00:25:00.078759,1725755100078,0.410000,0.570000,0.390000,0.580000
sslateingress-us-west-1,us-west-1,sgpvx,303,0,2024-09-08 00:25:15.076811,1725755115076,0.3275862068965517,0.6724137931034483,0.340000,0.650000
sslateingress-us-west-1,us-west-1,sgpvx,293,0,2024-09-08 00:25:30.078747,1725755130078,0.38996138996138996,0.61003861003861,0.400000,0.590000
sslateingress-us-west-1,us-west-1,sgpvx,342,0,2024-09-08 00:25:45.077868,1725755145077,0.3770491803278688,0.6229508196721312,0.350000,0.640000
sslateingress-us-west-1,us-west-1,sgpvx,294,0,2024-09-08 00:26:00.080243,1725755160080,0.350000,0.640000,0.370000,0.620000
sslateingress-us-west-1,us-west-1,sgpvx,434,0,2024-09-08 00:26:15.082974,1725755175082,0.3775933609958506,0.6224066390041494,0.350000,0.640000
sslateingress-us-west-1,us-west-1,sgpvx,269,0,2024-09-08 00:26:30.080336,1725755190080,0.350000,0.640000,0.370000,0.620000
sslateingress-us-west-1,us-west-1,sgpvx,329,0,2024-09-08 00:26:45.082183,1725755205082,0.3218390804597701,0.6781609195402298,0.300000,0.690000
sslateingress-us-west-1,us-west-1,sgpvx,286,0,2024-09-08 00:27:00.081547,1725755220081,0.300000,0.690000,0.320000,0.670000
sslateingress-us-west-1,us-west-1,sgpvx,343,0,2024-09-08 00:27:15.082128,1725755235082,0.38671875,0.61328125,0.360000,0.630000
sslateingress-us-west-1,us-west-1,sgpvx,321,0,2024-09-08 00:27:30.083012,1725755250083,0.2948717948717949,0.7051282051282052,0.310000,0.680000
sslateingress-us-west-1,us-west-1,sgpvx,472,0,2024-09-08 00:27:45.085876,1725755265085,0.39501779359430605,0.604982206405694,0.370000,0.620000
sslateingress-us-west-1,us-west-1,sgpvx,275,0,2024-09-08 00:28:00.091162,1725755280091,0.3318777292576419,0.6681222707423581,0.350000,0.640000
sslateingress-us-west-1,us-west-1,sgpvx,296,0,2024-09-08 00:28:15.086380,1725755295086,0.350000,0.640000,0.330000,0.660000
sslateingress-us-west-1,us-west-1,sgpvx,422,0,2024-09-08 00:28:30.086950,1725755310086,0.23577235772357724,0.7642276422764228,0.210000,0.780000
sslateingress-us-west-1,us-west-1,sgpvx,283,0,2024-09-08 00:28:45.087124,1725755325087,0.398576512455516,0.6014234875444839,0.410000,0.580000
sslateingress-us-west-1,us-west-1,sgpvx,409,0,2024-09-08 00:29:00.084360,1725755340084,0.398576512455516,0.6014234875444839,0.370000,0.620000
sslateingress-us-west-1,us-west-1,sgpvx,339,0,2024-09-08 00:29:15.094622,1725755355094,0.3224043715846995,0.6775956284153005,0.340000,0.650000
sslateingress-us-west-1,us-west-1,sgpvx,316,0,2024-09-08 00:29:30.093030,1725755370093,0.340000,0.650000,0.360000,0.630000
sslateingress-us-west-1,us-west-1,sgpvx,270,0,2024-09-08 00:29:45.102756,1725755385102,0.360000,0.630000,0.380000,0.610000
sslateingress-us-west-1,us-west-1,sgpvx,282,0,2024-09-08 00:30:00.094339,1725755400094,0.380000,0.610000,0.360000,0.630000
sslateingress-us-west-1,us-west-1,sgpvx,289,0,2024-09-08 00:30:15.094411,1725755415094,0.360000,0.630000,0.340000,0.650000
sslateingress-us-west-1,us-west-1,sgpvx,293,0,2024-09-08 00:30:30.095557,1725755430095,0.35294117647058826,0.6470588235294118,0.330000,0.660000
sslateingress-us-west-1,us-west-1,sgpvx,387,0,2024-09-08 00:30:45.098200,1725755445098,0.330000,0.660000,0.310000,0.680000
sslateingress-us-west-1,us-west-1,sgpvx,332,0,2024-09-08 00:31:00.095758,1725755460095,0.310000,0.680000,0.330000,0.660000
sslateingress-us-west-1,us-west-1,sgpvx,285,0,2024-09-08 00:31:15.103468,1725755475103,0.38783269961977185,0.6121673003802282,0.400000,0.590000
sslateingress-us-west-1,us-west-1,sgpvx,303,0,2024-09-08 00:31:30.104091,1725755490104,0.400000,0.590000,0.380000,0.610000
sslateingress-us-west-1,us-west-1,sgpvx,312,0,2024-09-08 00:31:45.109631,1725755505109,0.380000,0.610000,0.360000,0.630000
sslateingress-us-west-1,us-west-1,sgpvx,294,0,2024-09-08 00:32:00.110541,1725755520110,0.360000,0.630000,0.380000,0.610000
sslateingress-us-west-1,us-west-1,sgpvx,262,0,2024-09-08 00:32:15.106161,1725755535106,0.380000,0.610000,0.400000,0.590000
sslateingress-us-west-1,us-west-1,sgpvx,269,0,2024-09-08 00:32:30.109639,1725755550109,0.400000,0.590000,0.380000,0.610000
sslateingress-us-west-1,us-west-1,sgpvx,307,0,2024-09-08 00:33:00.111930,1725755580111,0.40268456375838924,0.5973154362416108,0.420000,0.570000
sslateingress-us-west-1,us-west-1,sgpvx,293,0,2024-09-08 00:33:15.112119,1725755595112,0.420000,0.570000,0.440000,0.540000
sslateingress-us-west-1,us-west-1,sgpvx,276,0,2024-09-08 00:33:30.118175,1725755610118,0.440000,0.540000,0.460000,0.520000
sslateingress-us-west-1,us-west-1,sgpvx,265,0,2024-09-08 00:33:45.116941,1725755625116,0.460000,0.520000,0.480000,0.500000
sslateingress-us-west-1,us-west-1,sgpvx,326,0,2024-09-08 00:34:00.117107,1725755640117,0.38306451612903225,0.6169354838709677,0.360000,0.630000
sslateingress-us-west-1,us-west-1,sgpvx,337,0,2024-09-08 00:34:15.119719,1725755655119,0.31952662721893493,0.6804733727810651,0.290000,0.700000
sslateingress-us-west-1,us-west-1,sgpvx,342,0,2024-09-08 00:34:30.121935,1725755670121,0.3855421686746988,0.6144578313253012,0.360000,0.630000
sslateingress-us-west-1,us-west-1,sgpvx,255,0,2024-09-08 00:34:45.125944,1725755685125,0.360000,0.630000,0.380000,0.610000
sslateingress-us-west-1,us-west-1,sgpvx,415,0,2024-09-08 00:35:00.123991,1725755700124,0.397887323943662,0.602112676056338,0.370000,0.620000
sslateingress-us-west-1,us-west-1,sgpvx,315,0,2024-09-08 00:35:15.126287,1725755715126,0.370000,0.620000,0.390000,0.600000
sslateingress-us-west-1,us-west-1,sgpvx,293,0,2024-09-08 00:35:30.125867,1725755730125,0.3375,0.6625,0.350000,0.640000
sslateingress-us-west-1,us-west-1,sgpvx,376,0,2024-09-08 00:35:45.129969,1725755745129,0.39568345323741005,0.60431654676259,0.370000,0.620000
sslateingress-us-west-1,us-west-1,sgpvx,337,0,2024-09-08 00:36:00.135383,1725755760135,0.40069686411149824,0.5993031358885017,0.420000,0.570000
sslateingress-us-west-1,us-west-1,sgpvx,311,0,2024-09-08 00:36:15.143660,1725755775143,0.420000,0.570000,0.440000,0.540000
sslateingress-us-west-1,us-west-1,sgpvx,323,0,2024-09-08 00:36:30.137193,1725755790137,0.304635761589404,0.695364238410596,0.280000,0.710000
sslateingress-us-west-1,us-west-1,sgpvx,314,0,2024-09-08 00:36:45.138144,1725755805138,0.280000,0.710000,0.300000,0.690000
sslateingress-us-west-1,us-west-1,sgpvx,418,0,2024-09-08 00:37:00.139398,1725755820139,0.30128205128205127,0.6987179487179487,0.280000,0.710000
sslateingress-us-west-1,us-west-1,sgpvx,338,0,2024-09-08 00:37:15.136208,1725755835136,0.3108108108108108,0.6891891891891891,0.330000,0.660000
sslateingress-us-west-1,us-west-1,sgpvx,343,0,2024-09-08 00:37:30.143343,1725755850143,0.330000,0.660000,0.310000,0.680000
sslateingress-us-west-1,us-west-1,sgpvx,310,0,2024-09-08 00:37:45.150432,1725755865150,0.310000,0.680000,0.330000,0.660000
sslateingress-us-west-1,us-west-1,sgpvx,266,0,2024-09-08 00:38:00.150117,1725755880150,0.330000,0.660000,0.350000,0.640000
sslateingress-us-west-1,us-west-1,sgpvx,264,0,2024-09-08 00:38:15.150163,1725755895150,0.350000,0.640000,0.370000,0.620000
sslateingress-us-west-1,us-west-1,sgpvx,314,0,2024-09-08 00:38:30.152055,1725755910152,0.39492753623188404,0.605072463768116,0.370000,0.620000
sslateingress-us-west-1,us-west-1,sgpvx,291,0,2024-09-08 00:38:45.157912,1725755925157,0.370000,0.620000,0.390000,0.600000
sslateingress-us-west-1,us-west-1,sgpvx,340,0,2024-09-08 00:39:00.164109,1725755940164,0.30405405405405406,0.6959459459459459,0.280000,0.710000
sslateingress-us-west-1,us-west-1,sgpvx,322,0,2024-09-08 00:39:15.170107,1725755955170,0.280000,0.710000,0.300000,0.690000
sslateingress-us-west-1,us-west-1,sgpvx,362,0,2024-09-08 00:39:30.170749,1725755970170,0.398576512455516,0.6014234875444839,0.370000,0.620000
sslateingress-us-west-1,us-west-1,sgpvx,373,0,2024-09-08 00:39:45.172239,1725755985172,0.370000,0.620000,0.350000,0.640000
sslateingress-us-west-1,us-west-1,sgpvx,301,0,2024-09-08 00:40:00.177465,1725756000177,0.375,0.625,0.390000,0.600000
sslateingress-us-west-1,us-west-1,sgpvx,295,0,2024-09-08 00:40:15.176998,1725756015177,0.390000,0.600000,0.410000,0.580000
sslateingress-us-west-1,us-west-1,sgpvx,288,0,2024-09-08 00:40:30.179954,1725756030179,0.410000,0.580000,0.430000,0.550000
sslateingress-us-west-1,us-west-1,sgpvx,321,0,2024-09-08 00:40:45.181229,1725756045181,0.430000,0.550000,0.410000,0.570000
sslateingress-us-west-1,us-west-1,sgpvx,369,0,2024-09-08 00:41:00.180837,1725756060180,0.3780487804878049,0.6219512195121951,0.350000,0.640000
sslateingress-us-west-1,us-west-1,sgpvx,359,0,2024-09-08 00:41:15.182864,1725756075182,0.350000,0.640000,0.370000,0.620000
sslateingress-us-west-1,us-west-1,sgpvx,262,0,2024-09-08 00:41:30.186155,1725756090186,0.370000,0.620000,0.390000,0.600000
sslateingress-us-west-1,us-west-1,sgpvx,272,0,2024-09-08 00:41:45.186613,1725756105186,0.390000,0.600000,0.370000,0.620000
sslateingress-us-west-1,us-west-1,sgpvx,320,0,2024-09-08 00:42:00.187561,1725756120187,0.370000,0.620000,0.350000,0.640000
sslateingress-us-west-1,us-west-1,sgpvx,261,0,2024-09-08 00:42:15.187708,1725756135187,0.350000,0.640000,0.370000,0.620000
sslateingress-us-west-1,us-west-1,sgpvx,264,0,2024-09-08 00:42:30.210277,1725756150210,0.370000,0.620000,0.350000,0.640000
sslateingress-us-west-1,us-west-1,sgpvx,282,0,2024-09-08 00:42:45.214125,1725756165214,0.29931972789115646,0.7006802721088435,0.270000,0.720000
sslateingress-us-west-1,us-west-1,sgpvx,299,0,2024-09-08 00:43:00.211717,1725756180211,0.270000,0.720000,0.250000,0.740000
sslateingress-us-west-1,us-west-1,sgpvx,297,0,2024-09-08 00:43:15.214970,1725756195214,0.250000,0.740000,0.270000,0.720000
sslateingress-us-west-1,us-west-1,sgpvx,304,0,2024-09-08 00:43:30.222221,1725756210222,0.37117903930131,0.62882096069869,0.350000,0.640000
sslateingress-us-west-1,us-west-1,sgpvx,285,0,2024-09-08 00:43:45.222287,1725756225222,0.350000,0.640000,0.370000,0.620000
sslateingress-us-west-1,us-west-1,sgpvx,265,0,2024-09-08 00:44:00.220412,1725756240220,0.370000,0.620000,0.390000,0.600000
sslateingress-us-west-1,us-west-1,sgpvx,308,0,2024-09-08 00:44:15.221311,1725756255221,0.390000,0.600000,0.370000,0.620000
sslateingress-us-west-1,us-west-1,sgpvx,348,0,2024-09-08 00:44:30.223141,1725756270223,0.3895131086142322,0.6104868913857678,0.360000,0.630000
sslateingress-us-west-1,us-west-1,sgpvx,310,0,2024-09-08 00:44:45.227344,1725756285227,0.3917910447761194,0.6082089552238806,0.410000,0.580000
sslateingress-us-west-1,us-west-1,sgpvx,307,0,2024-09-08 00:45:00.224632,1725756300224,0.410000,0.580000,0.430000,0.550000
sslateingress-us-west-1,us-west-1,sgpvx,322,0,2024-09-08 00:45:15.229316,1725756315229,0.430000,0.550000,0.410000,0.570000
sslateingress-us-west-1,us-west-1,sgpvx,278,0,2024-09-08 00:45:30.230017,1725756330230,0.410000,0.570000,0.430000,0.540000
sslateingress-us-west-1,us-west-1,sgpvx,377,0,2024-09-08 00:45:45.228391,1725756345228,0.3120567375886525,0.6879432624113475,0.290000,0.700000
sslateingress-us-west-1,us-west-1,sgpvx,299,0,2024-09-08 00:46:00.237115,1725756360237,0.290000,0.700000,0.300000,0.680000
sslateingress-us-west-1,us-west-1,sgpvx,289,0,2024-09-08 00:46:15.242043,1725756375242,0.300000,0.680000,0.320000,0.660000
sslateingress-us-west-1,us-west-1,sgpvx,315,0,2024-09-08 00:46:30.245075,1725756390245,0.320000,0.660000,0.300000,0.680000
sslateingress-us-west-1,us-west-1,sgpvx,273,0,2024-09-08 00:46:45.245642,1725756405245,0.300000,0.680000,0.320000,0.660000
sslateingress-us-west-1,us-west-1,sgpvx,281,0,2024-09-08 00:47:00.249996,1725756420250,0.320000,0.660000,0.300000,0.680000
sslateingress-us-west-1,us-west-1,sgpvx,257,0,2024-09-08 00:47:15.254270,1725756435254,0.300000,0.680000,0.320000,0.660000
sslateingress-us-west-1,us-west-1,sgpvx,282,0,2024-09-08 00:47:30.258804,1725756450258,0.320000,0.660000,0.300000,0.680000
sslateingress-us-west-1,us-west-1,sgpvx,342,0,2024-09-08 00:47:45.258011,1725756465258,0.300000,0.680000,0.280000,0.700000
sslateingress-us-west-1,us-west-1,sgpvx,279,0,2024-09-08 00:48:00.261492,1725756480261,0.280000,0.700000,0.300000,0.680000
sslateingress-us-west-1,us-west-1,sgpvx,381,0,2024-09-08 00:48:15.260179,1725756495260,0.2714285714285714,0.7285714285714285,0.250000,0.740000
sslateingress-us-west-1,us-west-1,sgpvx,329,0,2024-09-08 00:48:30.261363,1725756510261,0.3482587064676617,0.6517412935323383,0.360000,0.630000
sslateingress-us-west-1,us-west-1,sgpvx,272,0,2024-09-08 00:48:45.266275,1725756525266,0.360000,0.630000,0.380000,0.610000
sslateingress-us-west-1,us-west-1,sgpvx,277,0,2024-09-08 00:49:00.265697,1725756540265,0.380000,0.610000,0.360000,0.630000
sslateingress-us-west-1,us-west-1,sgpvx,271,0,2024-09-08 00:49:15.270981,1725756555270,0.360000,0.630000,0.380000,0.610000
sslateingress-us-west-1,us-west-1,sgpvx,308,0,2024-09-08 00:49:30.273244,1725756570273,0.380000,0.610000,0.360000,0.630000
sslateingress-us-west-1,us-west-1,sgpvx,326,0,2024-09-08 00:49:45.268746,1725756585268,0.360000,0.630000,0.340000,0.650000
sslateingress-us-west-1,us-west-1,sgpvx,355,0,2024-09-08 00:50:00.271202,1725756600271,0.340000,0.650000,0.320000,0.670000
sslateingress-us-west-1,us-west-1,sgpvx,334,0,2024-09-08 00:50:15.270238,1725756615270,0.320000,0.670000,0.340000,0.650000
sslateingress-us-west-1,us-west-1,sgpvx,255,0,2024-09-08 00:50:30.268443,1725756630268,0.340000,0.650000,0.360000,0.630000
sslateingress-us-west-1,us-west-1,sgpvx,428,0,2024-09-08 00:50:45.276829,1725756645276,0.35802469135802467,0.6419753086419753,0.330000,0.660000
sslateingress-us-west-1,us-west-1,sgpvx,298,0,2024-09-08 00:51:00.283626,1725756660283,0.330000,0.660000,0.350000,0.640000
sslateingress-us-west-1,us-west-1,sgpvx,273,0,2024-09-08 00:51:15.284714,1725756675284,0.350000,0.640000,0.370000,0.620000
sslateingress-us-west-1,us-west-1,sgpvx,267,0,2024-09-08 00:51:30.288862,1725756690288,0.370000,0.620000,0.390000,0.600000
sslateingress-us-west-1,us-west-1,sgpvx,302,0,2024-09-08 00:51:45.292793,1725756705292,0.390000,0.600000,0.370000,0.620000
sslateingress-us-west-1,us-west-1,sgpvx,306,0,2024-09-08 00:52:00.290329,1725756720290,0.370000,0.620000,0.350000,0.640000
sslateingress-us-west-1,us-west-1,sgpvx,261,0,2024-09-08 00:52:15.287947,1725756735287,0.350000,0.640000,0.370000,0.620000
sslateingress-us-west-1,us-west-1,sgpvx,339,0,2024-09-08 00:52:30.288077,1725756750288,0.370000,0.620000,0.350000,0.640000
sslateingress-us-west-1,us-west-1,sgpvx,362,0,2024-09-08 00:52:45.290644,1725756765290,0.3497536945812808,0.6502463054187192,0.320000,0.670000
sslateingress-us-west-1,us-west-1,sgpvx,345,0,2024-09-08 00:53:00.290469,1725756780290,0.320000,0.670000,0.340000,0.650000
sslateingress-us-west-1,us-west-1,sgpvx,294,0,2024-09-08 00:53:15.290560,1725756795290,0.340000,0.650000,0.360000,0.630000
